,Model,MSE,R2
0,SGD Regressor,0.0813194116164882,-0.004040042003218058
1,Support Vector Machine Regression,0.08387160937805489,-0.035551690904578104
2,Ridge Regression,0.0810073802747237,-0.00018743221099448704
3,Random Forest Regressor,0.08453252977857574,-0.04371198785592978
4,Linear Regression,0.08100740012324474,-0.00018767727806401346
